{"cameraMode":{"drawMode":0,"name":"Shaded","section":"Shading Mode"},"sceneLighting":true,"audioPlay":false,"sceneViewState":{"showFog":true,"showMaterialUpdate":false,"showSkybox":true,"showFlares":true,"showImageEffects":true,"showParticleSystems":true,"showVisualEffectGraphs":true,"m_FxEnabled":true},"in2DMode":false,"pivot":{"x":-1.3532204627990723,"y":0.027918457984924318,"z":-0.21635866165161134},"rotation":{"x":0.13758352398872376,"y":-0.06384489685297013,"z":0.008886117488145829,"w":0.9883975982666016},"size":5.6660261154174809,"orthographic":false}