{"cameraMode":{"drawMode":0,"name":"Shaded","section":"Shading Mode"},"sceneLighting":true,"audioPlay":false,"sceneViewState":{"showFog":true,"showMaterialUpdate":false,"showSkybox":true,"showFlares":true,"showImageEffects":true,"showParticleSystems":true,"showVisualEffectGraphs":true,"m_FxEnabled":true},"in2DMode":false,"pivot":{"x":6.087764739990234,"y":-23.138717651367189,"z":28.663848876953126},"rotation":{"x":-0.31866008043289187,"y":0.0005702300113625824,"z":-0.0001838808530010283,"w":-0.9478832483291626},"size":100.2860336303711,"orthographic":false}